FUCNTION NAME;ERRORC
[SL-ETH] KEYPAD TEST;KEYPAD
CHECK MAC & INFO (NO AC);MACFFF
CHECK M031 FW VERSION;FWVERF
POWER GOOD TEST;POWERG
[SL-ETH] VIBRATOR LOOP TEST;VIBRAT
[BL-ETH] CHECK SW VERSION;SWVERF
CHECK TOP LEVEL BOM / ME BOM / GUID;TTVMEB
BUZZER AUDIO TEST;BUZFFF
LEDS TEST;LEDFFF
TAMPER SWITCH TEST;TAMPFF
CHECK DUT POWER CONSUMPTION;POWERF
[SL-ETH] MUTE BUTTON TEST;MUTEBT
[SHIPPING] CHECK SHIPPING FW VERSION;SHIPFW
WIFI 5G RSSI TEST;WF5GRS
MAC ADDRESS CHECK;MACADD
ETHERNET TPUT TEST;ETHERN
[SL-ETH] LCM TEST;LCMFFF
DOWNLOAD MCU(M031) FW BY NULINK;DLFMCU
IPERF TEST WITH 1G RJ45/10GSFP PORT;IPERFF
SYSTEM MAC CHECK;MACFFF
SYSTEM QR CHECK;QR_FFF
[ETH-SFW] SHIPPING FW DOWNGRADE;DG_FWF
[DEBUG] SHIPPING FW DOWNGRADE;DG_FWF
CHECK MB BOM;MB_BOM
[DEBUG] DOWNGRADE FCD FW;DG_FCD
[DEBUG] ENABLE ADB PORT;EN_ADB
BLE RSSI TEST;BLERSS
2.5G PORT IPERF TEST;2GIPER
HDD TEST;HDDTES
[USB] CHECK MAC & QR,AC CODE;USBMAC
RTC VERIFICATION TEST;RTCVER
USB C READ WRITE TEST;USBCRE
YORK 2G/5G/6G RSSI TEST;YK2GLF
YORK 2G/5G RSSI TEST;YK2GLF
XML LABLE FILE;XMLFFF
WRITE SERIAL NUMBER;WNUMFF
WRITE PCBA;WPCBAF
WRITE DATE CODE;WCODEF
WRITE A0 AND A2 INFO;WA0A2F
WIFI TEST;WIFIFF
WIFI INTERFACESC CHECK;WIIDFF
WIFI 2G THROUGHPUT TEST;2GTHRO
WIFI 2G RSSI TEST;2GRSSI
WIFI 2G LINK TEST;2GLINK
WET OUTPUT TEST;WELEDB
WDET TEST;WDET
WAN PORT LED TEST;WANPFF
WAN PORT 1G LED CHECK;LEDGFF
WAN IPERF TEST;IPREFF
USB TRANSPORT TEST;USBTP
USB POWER TEST;USBPOW
USB PORT CHECK;USBPOR
USB OUTPUT TEST;USBOP0
USB OTG TEST;USBOTG
USB CURRENT LIMIT TEST;USBLM1
UPGRADE TO SHIPPING FW;SFW0
UPGRADE TO SHIPPING FIRMWARE;UPG0
UPGRADE SHIPPING FW;RESETF
UL 217 TEST;UL01
UL 2034 TEST (LOW FREQ);UL03
UL 2034 TEST (HIGH FREQ);UL03
UL 2034 TEST;UL02
THROUGHPUT TEST;THOUFF
THERMAL SENSORS TEST;SENSOR
TEST RESET BUTTON;RESETF
TEST RELAY 12V;REL12F
TEST PSE;PSEFFF
TEST POWER CONSUMPTION;POE0FF
TEST POE INPUT;POEFFF
TEST LEDS;LED0
TEST LED INDICATOR;LEDFFF
TEST LED BOARD;LEDFFF
TEST IPERF THROUGHPUT;IPERFF
TEST IO OUTPUT (WET);IOOWET
TEST IO OUTPUT (DRY);IOODRY
TEST IO INPUT;IOINFF
TEST I2C DEVICES;I2CTFF
TEST BACKUP BATTERY - PP45;BAPP45
TEST ADC;TEADCF
TEMPERATURE TEST;TEMPER
TB WIRE DETECTION TEST;TBWIRE
TB LEDS TEST;LEDFFF
TAMP TEST;TAMP
T3 FCD FLAT IMAGE DOWNLOAD;FCDFLA
SYSTEM MAC TEST;CMACFF
SYSTEM LEDS TEST;SYSLED
SYSTEM LED TEST;SYSLED
SYSTEM BOM REVISION TEST;CBOMFF
SWIFT 5G WIFI TEST;5GWIFI
SWIFT 2G WIFI TEST;2GWIFI
SW RESET TO DEFAULT;FACTFF
STOP LCM BURNING;LCMSFF
STATUS LEDS TEST;LEDFFF
STATUS LED TEST;LEDFFF
SSD TEST;SSDTES
SSD SN VERIFY;SSDVRF
SPRAM TEST;SPRAMF
SPIRAM TEST;SPIAMF
SPI FLASH TEST;SPIFFF
SNAKE TEST 2.5G (PORT 1-8);S009FF
SNAKE TEST;SNAKEF
SNAKE CONFIG;SNAKFF
SNAKE 25G;SNAK25
SNAKE 2.5G & 10G TEST;SNAKE3
SNAKE 2.5G & 10G & SFP_INFO TEST;SNAK10
SNAKE 1G & 2.5G & 10G & SFP_INFO TEST;SNAK25
SNAKE 1G & 10G & SFP_INFO TEST;SNAK1G
SNAKE 10G & SFP_INFO TEST;RECONF
SHIPPING FW UPGRADE;OTAFWF
SHIPPING FW UPDATE;OTAFWF
SET BOM ID AND CHECK IF SUCCESSES;BOM0
SERIAL NUMBER CHECK;CHEKSN
SEND FILES TO GU1;SFTGU1
SECURE ELEMENT (SE) PROVISION;ELEMEN
SD CARD TEST;SDC0
SATA MAPPING TEST;SATAFF
RTC VERIFICATION;RTCVFF
RTC TEST;RTCTES
RTC SET TEST;RTCSET
RSSI TEST AND CHECK SHIPPING FW;RSS0
RPS TEST;RPSFFF
RJ45&SFP PORT IPERF TEST;IPERFF
RESET BUTTON TEST;RESETF
RESET BUTTON;RESTFF
REMOVE SD CARD;RMSD
REMOTE BUTTON TEST (SW3);RMSW3F
READ TEMPERATURE;CTEMFF
RADAR TEST;RADAFG
PHY LED TEST;CLEDFF
PSU TEST;PSUFFF
PSE TEST;PSEFFF
PROXIMITY TEST;PROXIM
PRE-TEST : REGION CHECK;COUTRY
PRE-CALIBRATION(5G);PREC5G
PRE-CALIBRATION(2G);PREC2G
POWER OUTPUT TEST;POEWFF
POWER METER TEST;POWMEF
POWER LOAD TEST;POWE
POWER IN WITH USB-C AND ATX SOCKET;POWERF
POWER GD TEST;POWGDF
POWER CONSUMPTION TEST;POE0FF
PORTLINK AND SNAKE TEST;RSFECF
PORT LINK TEST & SFP INFO;LINKFF
PORT LINK TEST;COUTRY
PORT LED TEST;LEDLKF
PON TX CALIBRATION;CPONTX
PON TEST;PONTES
PON RX CALIBRATION;CPONRX
POE TEST (TOGETHER);POE5WF
POE TEST (ONE BY ONE);POE15W
POE TEST;POETFF
POE OUTPUT TEST;POEOUT
POE LOAD TEST (PORT 1-8);P123FF
PIR TEST;PIR0
PIR SCAN TEST(POSITION3);R450
PIR SCAN TEST(POSITION2);L450
PIR SCAN TEST(POSITION1);ZERO
PIR INTERFERENCE TEST;UPG0
PD TEST;PDTEST
PD CLASS DETECTION;PDCDEF
OTA FW UPDATE;OTAFWF
NUSTREAM TEST 10G SFP+ (PORT 10);S010FF
NUSTREAM TEST 10G (PORT 9);SNAKP9
NUSTREAM TEST;SNAKEF
NFC TEST (FINAL ASSEMBLY);NFCTES
NFC TEST;NFCFFF
MFG FW DOWNGRADE;DG_FWF
METER CHIP TEST;METERF
MEMORY TEST;MEMORY
MEMORY I/O TEST;MEMYFF
LTE VERSION CHECK;LTEFWF
LTE RADIATED TEST;LTEFFF
LTE FW UPDATE;FW
LED VALIDATION TEST (BY SSH);LEDVAL
LED VALIDATION TEST;LEDVAL
LED TEST;LEDFFF
LED SCREEN CHECK;LEDSCF
LED MCU VERSION TEST;LEDVER
LED MCU LIGHT TEST (BY SSH);LEDRGB
LED MCU LIGHT TEST;LEDRGB
LED INDICATOR TEST;LEDFFF
LED CALIBRATION TEST (BY SSH);LEDCAL
LED CALIBRATION TEST;LEDCAL
LEAD-ACID BATTERY TEST;FOUND
LCM TOUCH TEST;LCMTOU
LCM SKEW TEST;LCMKFF
LCM SKEW CCD TEST;LCMKFF
LCM SIX POINT TEST;LCMSIX
LCM RGB TEST;REDFFF
LCM RGB LIGHT TEST;LCMRGB
LCM RESET PIN TEST;LCMRPT
LCM FW VERSION CHECK;LCMVER
LCM FW VERSION;LCMFWW
LCM DISABLE TEST;LCM8FF
LCM DFU TEST;LCMDFU
LCM COLORS CCD TEST;LCMRGB
LCM COLOR TEST;LCMCLO
LCM BURNIN TEST;LCM2FF
LCM BACKLIGHT TEST;LCMFFF
LCM BACKLIGHT CCD TEST;LCMBLT
LCM ALIGNMENT TEST;LCMALF
LCM 16 GRAY CCD TEST;LCMGRA
LAN PORT SNAKE TEST;SNAK25
KEYPAD TOUCH TEST;KETOUF
KEYPAD LEDS TEST;KELEDF
IPERF TEST WITH 1G/10G PORT;IPF0FF
IPERF TEST;IPERFF
I2CS TEST;CI2CFF
I2C DEVICES TEST;I2CFFF
I2C DEVICE TEST;I2CDEV
HDMI TEST;F
HDMI CEC TEST;FF
HDD SPEED RATE TEST;HDDSPE
HDD SPEED RATE INFOMATION TEST;HDDTFF
HARDWARE INFOMATION TEST;HDT0FF
HARD DISK TEST;HDISKF
HALL TEST;HAL0
GPU TEST;GPUTEF
GPS TEST;GPSFFF
GET IMEI INFO;IMEIFF
FLASH READ ITERATION TEST;FLASH0
FIRMWARE UPGRADE;UPFWFF
FIRMWARE UPDATE;UGF0
FAN TEST;FANTEF
FAN RPM TEST;CFANFF
FACTORY RESET WITH BUTTON;FACTFF
FACTORY RESET;RESTOF
EXTERNAL SSD TEST;SSDTES
EXTERNAL SNAKE TEST;SNAKEF
ETHERNET THROUGHPUT TEST;ETHFFF
ETHERNET TEST;F
ETHERNET PORT 2 TEST;ETH2
ETHERNET PORT 1 TEST;ETH1
ETHERNET IPERF3 TEST(1G_LIMIT);IPERFF
ETHERNET IPERF3 TEST FOR PORT2;IPERP2
ETHERNET IPERF3 TEST;25G0FF
ETHERNET IPERF2 TEST 10G PORT;10GFFF
ETHERNET IPERF2 TEST;1GFFFF
ETHERNET IPERF TEST WITH POE OUT;IPEPOE
ETHERNET IPERF TEST (FINAL ASSEMBLY);IPERFF
ETHERNET 2.5G IPERF3 TEST;IFPERF
ETHERNET 1G PORT TEST;ETHFFF
ETHERNET 10G PORT TEST;10GFFF
ENTER BURNIN MODE;BURNIN
ENABLE BURNIN TEST;SEBURN
ENABLE BURN-IN MODE WITH INSTALL PACKAGE;BURIFF
ENABLE BURN-IN AT NEXT BOOTUP;ENBURN
ENABLE BURN IN TEST;SEBURN
ENABLE AUTO BURN IN;ENBURN
EMMC TEST;EMMCFF
EFUSE TEST (SW1,2);EFSW12
DUT WAN1/2(PORT22/23) ETHERNET IPERF3 TEST;IPERF2
DRY OUTPUT TEST;DRLEDW
DPS/REX INPUT TEST;DPSFFF
DEVICE REGISTRATION TEST;REGDFF
DEFAULT SENSOR VALUE;DSE0
DC OFFSET CALIBRATION;DCOF
DATE CODE CHECK;CCODEF
CHECK ZTP LASER LABEL;ZTPLSF
CHECK WIFI MAIN SELECTED RSSI/PKT/AIRVIEW;TX30LF
CHECK WIFI EEPROM DATA;EEPROM
CHECK WIFI COUNTRY CODE;COUTRY
CHECK WIFI CALIBRATION DATA;CALFFF
CHECK WIFI AUX SELECTED RSSI/PKT/AIRVIEW;2GTXLF
CHECK WIFI & BT MAC ADDRESS;BTMACF
CHECK VERIFY NFC CARD;VERILY
CHECK VENDOR ID;VENIDF
CHECK THERMAL SENSOR;SENSOR
CHECK TOUCH FW;TOUCHF
CHECK TOP LEVEL BOM / ME BOM AND WRITE GUID;TLBOME
CHECK TOP LEVEL BOM;TLBOMF
CHECK TEMPERATURE FEATURE;CTEMPF
CHECK SYSTEM LED;LEDFFF
CHECK SW/FW VERSION;FWFFFF
CHECK SW STATUS;SWT0
CHECK SW INFO;CHECK 
CHECK SSD REMOVAL;SSDREM
CHECK SKU;COUNTR
CHECK SFP THROUGHPUT;1GFFFF
CHECK SFP PKT LOST;SFPPLF
CHECK SENSOR;SENORF
CHECK RJ45 THROUGHPUT;RJ45TH
CHECK RJ45 PORT2 THROUGHPUT;RJ45TH
CHECK RJ45 PORT 2 PKT LOST;RJ45PL
CHECK RESET BUTTON;RESETF
CHECK REGISTRATION DATA;REGDIV
CHECK REGISTRATION;REGFFF
CHECK REGULATORY DOMAIN;DOMAFF
CHECK QRCODE;QRCOFF
CHECK QR_CODE;QRCODE
CHECK QR CODE;QRCOFF
CHECK POWER ADAPTER (DC 210W);DC210W
CHECK PORT LINK AND ETHERNET LEDS (PORT 1-8);LINKFF
CHECK PORT LINK;LINKFF
CHECK PORT 9 POE POWER INPUT (BT3);P9BTFF
CHECK PORT 9 POE POWER INPUT (AT);P9ATFF
CHECK PON SIGNAL LED;PONLED
CHECK POE SET 2 (POE-INJECTOR AND DC-210W);CPO210
CHECK POE SET 1 (POE-BT AND DC-60W);CPOBTF
CHECK POE (POE AT);CPOEAT
CHECK PLC MAC;PLCMFF
CHECK OS VERSION;OSVERF
CHECK OLED;OLEDON
CHECK NFC CHIP ID;NFCFFF
CHECK MULTI-DUT POWER CONSUMPTION;POWERF
CHECK ME BOM;MEB0
CHECK MCU FW VERSION;MCUFWF
CHECK MCU FW;MCUFFF
CHECK MAIN ETHERNET TRAFFIC;ETHSFF
CHECK MAC AND QR CODE;MACQR
CHECK MAC ADDRESS AND QR CODE;MACQR
CHECK MAC ADDRESS;MACADR
CHECK MAC & VERSION;FWV0
CHECK MAC & INFO;MACINF
CHECK MAC;MAC0FF
CHECK LED RING;LEDRED
CHECK LED ALL LIGHT UP;LEDALL
CHECK LED;LEDFAI
CHECK LAN PORT SPEED;CLANSP
CHECK HARDWARE INFO (EMMC, DDR SIZE);FLSH
CHECK G-SENSOR;GSENSO
CHECK GPS;GPSFFF
CHECK FW VERSION;FWVSFF
CHECK FIRMWARE VERSION;FWERFF
CHECK FCD FW VERSION;FCD0
CHECK FACTORY SETTING;FACSET
CHECK ETHERNET THROUGHPUT;ETHERN
CHECK ETHERNET MAC ADDRESS & QR CODE;MACQR
CHECK ETHERNET MAC ADDRESS;MACADR
CHECK DIAG FW VERSION;SWVERF
CHECK CPU/MEM/IO STRESS;CPUFFF
CHECK COUNTRY CODE;CODEFF
CHECK BURN-IN RESULT;BURNIN
CHECK BURNIN RESULT;BURNIN
CHECK BURN IN;BURNIN
CHECK BOOT SLOT;BOSLOT
CHECK BOMREV/ID REVISION;BOMFFF
CHECK BOM REVISION AND FW VERSION;CBOMFF
CHECK BOM REVISION;BOMREF
CHECK BOARD ID AND MODEL;CIDVER
CHECK BLE SCAN;BLEFFF
CHECK BLE RSSI (RPI4);BLEFFF
CHECK BLE RSSI (RPI);BLEFFF
CHECK BLE RSSI;BLEFFF
CHECK AUDIO FW VERSION;AFW0
CHECK ACTIVATION CODE;CODEFF
CHECK 60G THROUGHPUT;60GTPT
CHECK 60G RSSI;60RSSI
CHECK 60G PKT LOST;60GPKT
CHECK 60G INTERFACE;60INFF
CHECK 5G RSSI;5GRSSI
CHECK 5G PKT LOST;5GPFFF
CHECK 5G LINK SPEED;C5GFFF
CHECK 5G INTERFACE (INTERNAL);5GIFFF
CHECK 5G INTERFACE (EXTERNAL);5GIFFF
CHECK 5G INTERFACE;5GINFF
CHECK 2_5G LINK SPEED;C2D5GF
CHECK 1G LINK SPEED ON GEN2 SWITCH;LINK1G
CHECK 1G LINK SPEED;C1GLFF
CHECK 10G LINK SPEED;C10GFF
CHECK 100M LINK SPEED;C100MF
CREATE 2G/5GL/5GH WIFI LINK;CREAFF
CREATE 2G/5G WIFI LINK (EXTERNAL ANTENNA);WFLINK
CREATE 2/5G WIFI LINK;25LINK
CREATE 2/5/6G WIFI LINK;256LIK
CPU TEMPERATURE TEST;CPUFFF
CPU STRESS TEST;CPUTFF
CONFIG ETH MAC;POW0
CONFIG BT MAC;BMAC
CLEAR BURN-IN RESULT;CLBURF
BUTTON TEST;BUT0
BURN-IN RESULT CHECK;BURNFF
BURN-IN CHECK;BURINL
BT TEST;BTFFFF
BT RSSI TEST_EX;BTEXFF
BT RSSI TEST;BT0FFF
BT POE TEST;BTPOFF
BT CONNECT TEST;BTT0FF
BLE TEST (FINAL ASSEMBLY);BLEFFF
BACKUP POWER TEST;BACKUP
AT POE TEST;POEAFF
ALS TEST;ALS0
AF POE TEST;APOE0W
ACCESS HUB IO TEST;HUBIOF
ACCELEROMETER TEST;ACCMEF
ACC TEST;ACC0
AC RELAY TEST;ACRELF
AC RELAY METERING CHECK TEST;ACTESF
AC RELAY METERING CALIBRATION TEST;ACCALF
6G WIFI THROUGHPUT TEST (INTERNAL ANTENNA);6GTHPT
6G WIFI THROUGHPUT TEST;6GTHFF
6G PER-CHAIN RSSI TEST (INTERNAL ANTENNA);6GRSSI
6G PER-CHAIN RSSI TEST;6GRSSI
5TH ETHERNET PORT THROUGHPUT TEST;5THPOF
5G-LOW BAND WIFI THROUGHPUT TEST;5GLTHF
5G-LOW BAND PER-CHAIN RSSI TEST;5GLCH1
5G-HIGH BAND WIFI THROUGHPUT TEST;5GHTHF
5G-HIGH BAND PER-CHAIN RSSI TEST;5GHCH2
5G WIFI THROUGHPUT TEST (INTERNAL ANTENNA);5GTHPT
5G WIFI THROUGHPUT TEST (EXTERNAL ANTENNA);5GTHPT
5G WIFI THROUGHPUT TEST;5GTHFF
5G WIFI PACKET LOSS TEST;5GPAFF
5G PER-CHAIN RSSI TEST (INTERNAL ANTENNA);5GRSSI
5G PER-CHAIN RSSI TEST (EXTERNAL ANTENNA);5GRSSI
5G PER-CHAIN RSSI TEST;5GCH2F
5G MIDDLE BAND WIFI TEST;5GFFFF
5G LOW BAND WIFI TEST;5GFFFF
5G HIGH BAND WIFI TEST;5GFFFF
5G DFS ZW TEST;5GDFFF
4TH ETHERNET PORT THROUGHPUT TEST;4THPOF
3RD ETHERNET PORT THROUGHPUT TEST;3THPOF
2ND PORT POE TEST;2NDPOE
2ND ETHERNET PORT THROUGHPUT TEST;ETH2FF
2ND ETHERNET IPERF3 TEST;2IPERF
2G WIFI THROUGHPUT TEST (INTERNAL ANTENNA);2GTHPT
2G WIFI THROUGHPUT TEST (EXTERNAL ANTENNA);2GTHPT
2G WIFI THROUGHPUT TEST;2GTHPT
2G WIFI PACKET LOSS TEST;2GPAFF
2G PER-CHAIN RSSI TEST (INTERNAL ANTENNA);2GRSSI
2G PER-CHAIN RSSI TEST (EXTERNAL ANTENNA);2GRSSI
2G PER-CHAIN RSSI TEST;2GCH0F
2.4G WIFI THROUGHPUT TEST;2GTHFF
1ST PORT IPERF3 TEST;1IPERF
1ST ETHERNET PORT THROUGHPUT TEST;ETH1FF
[USB] CHECK MAC & QR CODE & AC;MACUSB
[USB] CHECK FFBM LOG;FFBM
[T2_PCBA] USB POWER TOP SIDE TEST;UNIFIC
[T2_PCBA] USB POWER BOTTOM SIDE TEST;UNIFIC
[T2_PCBA] SDCARD COPY FILE TEST;UNIFIC
[T2_PCBA] POE DETECTION TEST;UNIFIC
[T2_PCBA] LCM TEST;UNIFIC
[T2_PCBA] EEPROM TEST;UNIFIC
[T2_PCBA] BLUETOOTH TEST;UNIFIC
[SYSTEM] CHECK MAC ADDRESS;MACFFF
[SL-TOF] TOF TEST;TOFFFF
[SL-TOF] TOF CALIBRATION TEST;TOFCLF
[SL-RF-ETH] WIFI TEST;WIFI
[SL-RF-ETH] BT TEST;BTT0
[SL-RF-ETH] BT NRF5340 TEST;B1TX
[SL-LED] LED_FLASH TEST;LEDFL
[SL-LED] LED TEST;LEDFFF
[SL-FW-ETH] TEST TERMINAL;TERMIN
[SL-FW-ETH] SHIPPING FW UPDATE;SHIPFW
[SL-FW-ETH] SHIPPING FW RESET TO DEFAULT;FWFFFF
[SL-FW-ETH] SHIPPING FW DOWNGRADE;DG_FWF
[SL-FW-ETH] NRF5340 SHIPPING FW UPDATE;5340FF
[SL-FW-ETH] ENABLE ADB METHOD;EN_ADB
[SL-ETH] VIRTUAL KEY2 TEST;KEY0
[SL-ETH] VIRTUAL KEY0 TEST;KEY0
[SL-ETH] USBC TEST;USBPOE
[SL-ETH] USBC I/O TEST;USBCFF
[SL-ETH] THROUGH PORT IPERF TEST;TIPERF
[SL-ETH] RESET BUTTON TEST;RES0
[SL-ETH] POE POWER GOOD TEST;POW0
[SL-ETH] POE POWER CONSUMPTION WITH BT HANDSET TEST;POW0
[SL-ETH] NFC TEST;NFCFFF
[SL-ETH] NFC KMS TEST;NFCKMS
[SL-ETH] HOOK ON/OFF TEST;HOOK
[SL-ETH] HEADSET MUTE BUTTON TEST;HEAD
[SL-ETH] HEADSET LOOPBACK TEST;LOOP
[SL-ETH] ETHERNET IPERF TEST;IPER
[SL-ETH] BT NRF5340 MAC WRITE;BTNRFW
[SL-ETH] BT NRF5340 MAC CHECK;BTNRFC
[SL-AUD-ETH] HS SPEAKER_2 TEST;SPK2
[SL-AUD-ETH] HS MIC_3 TEST;MIC3
[SL-AUD-ETH] HF SPEAKER_1 TEST;SPK1
[SL-AUD-ETH] HF MIC_2 TEST;MIC2
[SL-AUD-ETH] HF MIC_1 TEST;MIC1
[SL-AUD-ETH] HF MIC SEAL TEST;SEAL
[SL-AUD] SPEAKER TEST;SPK0FF
[SL-AUD] MIC_2 TEST;MIC2FF
[SL-AUD] MIC_2 SEAL TEST;MIC2SF
[SL-AUD] MIC_1 TEST;MIC1FF
[SL-AUD] MIC_1 SEAL TEST;MIC1SF
[SL-AUD] MIC SEAL TEST;SEALFF
[SHIPPING] UPGRADE SHIPPING FW;FF
[SHIPPING] CHECK DUT INFORMATION;FF
[SHIPPING] BLOW FUSE;F
[SHIPPING FW] UPGRADE SHIPPING FW;UPG0
[SHIPPING FW] FW UPGRADE;SFW0
[SHIPPING FW] CHECK ME BOM & GUID;SCFW
[RF] WIFI TEST;WIFI
[PRELOAD] KEYPAD FW FLASHING;KEYFWF
[NFC] NFC TEST;NFCFFF
[NFC] NFC CHECK;NFCCFF
[LCM] WHEEL TEST;WHEE
[LCM] TOUCH PANEL TEST;TOUCHF
[LCM] LED TEST;LEDFAI
[LCM] LCD COLOR TEST;LCD0
[IRB] MIC TEST;MIC0
[IRB] LED TEST;LED0
[IRB] IR LED TEST (WIDE);IRWI
[IRB] IR LED TEST (TELE);IRTE
[IRB] IR LED TEST;IRL0
[IRB] ALS TEST;ALS0
[IO] TERMINAL BLOCK STATUS TEST;LEDFFF
[IO] TERMINAL BLOCK OUTPUT RELAY TEST;RESETF
[IO] TERMINAL BLOCK INPUT SIGNAL TEST;DIGIFF
[IO] TERMINAL BLOCK DOOR 12V TEST;DIGIFF
[FW UPGRADE] UPGRADE TO SHIPPING FW;SHFWFF
[FUNC-PCBA] POWER GD TEST;GDFAFF
[FUNC-PCBA] POE PD TEST;GDFFFF
[FUNC-ASSEMBLED] POWER CONSUMPTION TEST;TEBLOF
[FUNC] USB STORAGE TEST;USB0
[FUNC] USB PORT TEST;USB0
[FUNC] TEST IPERF TX;IPTX
[FUNC] TEST IPERF RX;IPRX
[FUNC] SYSTEM LED TEST;SYSLED
[FUNC] SPEAKER TEST;SPEAKE
[FUNC] SDCARD TEST;SDCA
[FUNC] RESET BUTTON TEST;QRFFFF
[FUNC] RESET BUTTON;RSB0
[FUNC] PSE TEST (TOGETHER);BOMFFF
[FUNC] PSE TEST (ONE BY ONE);BOMFFF
[FUNC] POWER TEST;POW0
[FUNC] POWER GOOD TEST;UPG0
[FUNC] POWER GD TEST;POGD
[FUNC] MOTOR TILT TEST (DESK MOUNT);TIL0
[FUNC] MOTOR TILT TEST (CEILING MOUNT);TILT
[FUNC] MOTOR TILT TEST;TILT
[FUNC] MOTOR TILT TEMPERATURE TEST;TEMP
[FUNC] MOTOR TILT BACKLASH TEST (PROGRAM);BACK
[FUNC] MOTOR PAN TEST (TABLE MOUNT);TABM
[FUNC] MOTOR PAN TEST (DESK MOUNT);PAN0
[FUNC] MOTOR PAN TEST (CEILING MOUNT);PAN0
[FUNC] MOTOR PAN TEST;PAN0
[FUNC] MOTOR BACKLASH TEST;MOTO
[FUNC] LIGHT SENSOR TEST;LSS0
[FUNC] LED TEST;LEDO
[FUNC] IR LED TEST (WIDE);IRWD
[FUNC] IR LED TEST (TELE);IRTE
[FUNC] IR LED TEST;IRL0
[FUNC] IPERF TX TEST;IPTX
[FUNC] IPERF RX TEST;IPRX
[FUNC] ICR TEST (WIDE);ICRW
[FUNC] ICR TEST;ICR0
[FUNC] G-SENSOR TEST(BODY);BODY
[FUNC] G-SENSOR TEST(BALL);BALL
[FUNC] G-SENSOR TEST;GSEN
[FUNC] ETHERNET PORT 4 TEST;ETHP4F
[FUNC] ETHERNET PORT 3 TEST;ETHP3F
[FUNC] ETHERNET PORT 2 TEST;ETHP2F
[FUNC] ETHERNET PORT 1 TEST;ETHP1F
[FUNC] ETHERNET PORT 0 TEST;ETHP0F
[FUNC] ETHERNET IPERF TEST (PORT-2);ETH2
[FUNC] ETHERNET IPERF TEST (PORT-1);ETH1
[FUNC] DETECT RCA;RCA0
[FUNC] CHECK QR CODE;QRFFFF
[FUNC] CHECK MOTOR TILT SG DATA (DESK MOUNT);TSG0
[FUNC] CHECK MOTOR TILT SG DATA (CEILING MOUNT);TSG0
[FUNC] CHECK MOTOR PAN SG DATA (DESK MOUNT);PSG0
[FUNC] CHECK MOTOR PAN SG DATA (CEILING MOUNT);PSG0
[FUNC] CHECK MOTOR CALIBRATION RESULT;MOTO
[FUNC] CHECK MCU HW VERSION;MCUAFF
[FUNC] CHECK MAC ADDRESS;MACOFF
[FUNC] CHECK HW INFORMATION;HWINFO
[FUNC] CAMERA TELE & WIDE OPTICAL CENTER OFFSET TEST;CENT
[FUNC] BOARD TEMPERATURE TEST;TEMP
[ETH_SL] RESET BTN TEST;ME0FF
[ETH_SL] POWER GD TEST;POE0FF
[ETH_SL] CHECK MAC & QR;MACFFF
[ETH_SL] BT CHECK;BTFFFF
[ETH_SL] ALS CHECK(300);ALS300
[ETH_SL] ALS CHECK(150);ALS150
[ETH_SL] ALS CHECK(1000);ALS1MF
[ETH] TOUCH PANEL TEST;TOUCHF
[ETH] TEMPERATURE SENSOR TEST;INFFFF
[ETH] POWER TEST;POWGDF
[ETH] NFC TEST;NFCFFF
[ETH] ETHERNET IPERF TEST;INFFFF
[ETH] DISPLAY TEST;DISLAY
[ETH] CHECK TOP LEVEL BOM;TOPBOM
[ETH] CHECK SW VERSION;VERSIO
[ETH] CHECK PERSIST DATA;PERSIS
[ETH] CHECK ME BOM;MEBOMF
[ETH] CHECK MAC & ZTP;MACFFF
[ETH] CHECK MAC & QR,AC CODE;MACFFF
[ETH] CHECK MAC & QR CODE & AC;MAC0
[ETH] CHECK MAC & QR CODE;MAC0FF
[ETH] CHECK HW INFO (EMMC, DDR SIZE);INFFFF
[ETH] CHECK BURN-IN TEST;INFFFF
[DISPLAY TEST (LCM)] LCM RGB TEST (FOR CCD);LCMRGB
[DISPLAY TEST (LCM)] LCM DISPLAY PATTERN CHECK;LCMDIS
[DISPLAY TEST (LCM)] LCM BACKLIGHT FUNCTION CHECK;LCMBLA
[DISPLAY TEST (LCM)] LCM ALIGNMENT CHECK;LCMALI
[DEBUG] WIFI LINK;WIFI
[DEBUG] UN-BINDING TX/RX;BID
[DEBUG] FW DOWNGRADE;DG_FWF
[DEBUG] DOWNGRADE TO FCD FW;DW0FFF
[BURN-IN] CHECK RESULT;BURNIN
[BL-USB] DOWNLOAD FCD IMAGE;FCDDLF
[BL-ETH] CHECK PERSIST DATA;DATA
[BL-ETH] CHECK BURN-IN TEST;BURN
[BL-ETH] CHECK ALL LED;LED0
[BL-ETH] BACKUP PERSIST DATA;FAIL
[BL-BT] BT NRF5340 FW UPGRADE;FWUG
[BL] OVER CURRENT PROTECTION TEST;OVERPF
[BL] ETHERNET THROUGHT USB PORT TEST;PIN20F
[BL] DOWNLOAD FCD IMAGE;FCDDLF
[BL] CHECK POWER;POWERF
[BL ONLY] DOWNLOAD PRELOAD FW;DLPRE
[BL ONLY] DOWNLOAD M031 FW;KEYFWF
[BL ONLY] DOWNLOAD FCD FW (ALREADY EFUSE);FCDFWF
[BEZEL]LCM DFU TEST;LCMDFU
[B/I] CHECK BURN-IN (ETH PORT2);BURNIN
[AUD] SPK_1 TEST;SPK1
[AUD] SPEAKER TEST;SPK0
[AUD] SPEAKER 1 TEST;SPKFFF
[AUD] RCA MODE - SPEAKER;SPK0
[AUD] MIC2 TEST;MIC2
[AUD] MIC1 TEST;MIC1
[AUD] MIC_3 TEST;MIC3
[AUD] MIC_2 TEST;MIC2
[AUD] MIC_1 TEST;MIC1
[AUD] MIC TEST;MIC0
[AUD] MIC SEAL TEST;SEAL
[AUD] INTERNAL NOISE TEST CH2;NCH2
[AUD] INTERNAL NOISE TEST CH1;NCH1
[AUD] INTERNAL NOISE TEST;INOI
[AUD] HDMI MODE - SUBWOOFER : STEPPED FREQ SWEEP;SWEE
[AUD] HDMI MODE - SUBWOOFER : SNR;SNR0
[AUD] HDMI MODE - SUBWOOFER : NOISE;NOIS
[AUD] HDMI MODE - SUBWOOFER : LEVEL AND GAIN;GAIN
[AUD] EXTERNAL NOISE TEST;EXN0
[AUD] CHECK MOTOR TILT NOISE (INTERNAL);TILN
[AUD] CHECK MOTOR TILT NOISE;PAN0
[AUD] CHECK MOTOR PAN NOISE (INTERNAL);PANN
[AUD] CHECK MOTOR PAN NOISE;PAN0
[ASSY] SHIPPING FW UPDATE;OTA0
[ASSEMBLY] USB POWER TOP SIDE TEST;USBT
[ASSEMBLY] USB POWER BOTTOM SIDE TEST;USBBFF
[ASSEMBLY] USB OTG TEST;USB0FF
[ASSEMBLY] TO SHUTDOWN THE DUT;SDOWFF
[ASSEMBLY] SDCARD COPY FILE TEST;SDC0
[ASSEMBLY] SATA SPEED TEST;SATAFF
[ASSEMBLY] RESET BUTTON TEST;RESE
[ASSEMBLY] POWER BUTTON TEST;POBU
[ASSEMBLY] POE DETECTION TEST;POE0
[ASSEMBLY] HARD DISK TEST;HARDFF
[ASSEMBLY] HARD DISK BADBLOCK TEST;BADBFF
[ASSEMBLY] FW VERSION CHECK;FWV0FF
[ASSEMBLY] ETHERNET TEST;ETH0FF
[ASSEMBLY] EEPROM TEST;EPR0FF
[ASSEMBLY] CHECK RACKMOUNT;RACKFF
[ASSEMBLY] CHECK MULTI-DUT POWER CONSUMPTION;MDP0
[ASSEMBLY] CHECK LED;LED0FF
[ASSEMBLY] CHECK LCM COLORS;LCM0FF
[ASSEMBLY] CHECK BURN-IN TEST;BURN
[ASSEMBLY] CHECK BOM REVISION;BOM0FF
[ASSEMBLY] BLUETOOTH TEST;BTT0
CHECK BOM VISION;CBOMFF
SECURITY TEST;SCTEST
CHECK DIAG VERSION;DIAGFF
EXTERNAL LOOPBACK TEST;ELOOPF
UPGRADE TO APPLICATION IMAGE;UPGRAF
CHECK APPLICATION VERSION;APPVER
DUT THERMAL VERIFICATION;DUTVFF
